Country Name,Country Code,2005,2006,2007,2008,2009,2010,2011,2012,2013,2014,2015,2016,2017
Aruba,ABW,23302.83199,24014.94427,25921.02605,27546.89939,24631.43486,24271.94042,25324.72036,,,,,,
Afghanistan,AFG,250.2941299,272.563077,369.835796,373.3611163,445.8932979,553.3002894,603.5370231,669.0090509,638.6125432,629.3452504,569.5779229,561.7787463,585.8500638
Angola,AGO,1443.991924,2062.415212,2878.837305,3868.579014,3347.8449,3531.416878,4299.008136,4539.467689,4804.633826,4707.578098,3683.552607,3308.772828,4170.31228
Albania,ALB,2709.142931,3005.012903,3603.013685,4370.539647,4114.136545,4094.358832,4437.178068,4247.614308,4413.081697,4578.666728,3952.830781,4131.872341,4537.862492
Andorra,AND,41282.02012,43748.77216,48582.80846,47785.65909,43339.37987,39736.35406,41098.76694,38391.08087,40619.7113,42294.99473,36038.2676,37231.81567,39146.54884
United Arab Emirates,ARE,39439.80197,42372.22166,42672.61323,45758.90554,33072.57517,35037.89267,40434.36635,42086.68995,43315.14149,44443.06151,39122.04971,38517.80039,40698.84934
Argentina,ARG,5076.883829,5878.761027,7193.61764,8953.359275,8161.306966,10276.2605,12726.90836,12969.70712,12976.63642,12245.25645,13698.29344,12654.355,14401.97485
Armenia,ARM,1643.758543,2158.002909,3138.808703,4010.026997,2993.832531,3218.381655,3526.978143,3684.80481,3843.591213,3994.712355,3617.935746,3605.743117,3936.79832
American Samoa,ASM,8508.406915,8456.947997,8980.536414,9871.997194,12058.26382,10352.82276,10375.99422,11660.32953,11589.853,11598.75174,11865.96323,11834.74523,
Antigua and Barbuda,ATG,11452.7388,12812.76447,14350.91905,14797.36842,13082.28166,12174.69786,11931.20411,12517.55793,12194.60876,12946.98694,13659.14791,14462.17628,15021.73818
Australia,AUS,33961.6818,36019.20305,40905.47089,49535.25787,42709.8033,51936.88871,62411.78545,67864.68986,67990.29003,62327.55594,56561.41238,49896.6811,53799.93809
Austria,AUT,38403.13388,40635.28182,46855.77175,51708.76575,47963.1794,46858.04327,51374.95841,48567.69529,50716.70871,51704.54119,44206.78428,44731.01086,47290.91165
Azerbaijan,AZE,1578.40239,2473.081819,3851.437869,5574.603802,4950.294791,5842.805784,7189.691229,7496.294648,7875.756953,7891.313147,5500.310382,3880.738731,4131.61831
Burundi,BDI,150.5070434,165.8794176,170.7999005,196.2472628,204.9446502,231.1943256,260.4799073,265.2856051,282.7555252,312.7489794,300.6765569,285.7274421,320.0868701
Belgium,BEL,36967.25918,38852.37293,44403.7669,48424.5756,44880.57302,44380.17663,47702.81189,44740.58325,46582.66955,47351.97418,40361.15419,41260.97755,43323.80734
Benin,BEN,601.799977,625.830092,706.0535419,820.1513498,793.45243,757.6959074,825.9427854,837.9505001,915.3281554,943.686575,783.9630778,788.5324424,829.7972306
Burkina Faso,BFA,406.9988071,420.5825233,475.1100122,569.7612784,552.7455521,575.4464527,666.8404101,673.8228182,699.781537,703.8216565,575.3144542,613.9931275,670.7059131
Bangladesh,BGD,484.1554071,494.0501466,541.0651484,615.7775411,681.1205368,757.6717572,835.7893401,856.342857,951.8894535,1084.56543,1210.158769,1358.779029,1516.513423
Bulgaria,BGR,3869.529455,4490.201777,5885.949252,7261.754492,6969.558557,6843.26695,7813.806692,7378.02473,7674.861867,7853.332937,6993.475544,7469.447703,8031.598442
Bahrain,BHR,17959.17854,19307.99549,20977.11053,23067.56535,19356.67236,20722.10389,22512.1596,23649.36661,24737.17178,24983.37902,22688.87824,22560.58127,23655.0356
"Bahamas, The",BHS,29874.65414,30274.99032,31018.02949,30188.48444,28129.6075,27979.11493,27472.25617,28815.5274,28171.986,28671.34697,30483.8201,30260.30591,30762.01244
Bosnia and Herzegovina,BIH,2968.411806,3404.321698,4180.292176,5078.314577,4701.334426,4614.829041,5054.325344,4722.013403,5042.582213,5204.243718,4584.242548,4808.636043,5180.636301
Belarus,BLR,3125.810535,3847.434124,4735.657608,6377.369732,5176.26383,6029.3968,6519.230195,6940.159254,7978.872615,8318.51269,5949.106307,5022.626643,5726.029673
Belize,BLZ,3933.332215,4187.37803,4324.876427,4470.220796,4258.788611,4344.150177,4517.137719,4673.791435,4685.249476,4844.981859,4950.256062,4960.181794,4905.506284
Bermuda,BMU,75882.03386,83912.6978,90849.58698,93605.74817,88463.31282,88207.32756,85973.15842,85458.45551,85748.06541,,,,
Bolivia,BOL,1046.427384,1233.594435,1389.637343,1736.935051,1776.866476,1981.160705,2377.675918,2645.227753,2947.938526,3124.00031,3077.026199,3117.330459,3393.955818
Brazil,BRA,4770.183845,5860.145829,7313.557773,8787.610658,8553.381368,11224.15408,13167.47289,12291.46685,12216.90446,12026.61939,8750.222996,8639.365743,9821.407686
Barbados,BRB,14223.25544,15439.99215,16381.49556,16613.71922,15922.90013,15959.02979,16610.41835,16536.21464,16326.91348,16261.79932,16129.04928,15891.62655,16788.68392
Brunei Darussalam,BRN,26102.13345,30980.96692,32672.36717,37951.2806,27965.47504,35268.10117,47017.0273,47651.25909,44597.27968,41530.66898,30967.89051,26939.41805,28290.5852
Bhutan,BTN,1247.061392,1335.456906,1741.142552,1795.181307,1770.234497,2178.921383,2458.045976,2422.008016,2350.882889,2504.717407,2615.31022,2773.547135,3110.230113
Botswana,BWA,5351.253732,5374.554867,5714.047936,5623.379566,5185.729845,6346.156204,7645.214612,7029.23145,7007.625786,7493.763994,6527.508161,6954.174306,7595.59585
Canada,CAN,36189.58838,40386.69948,44544.5268,46596.33599,40773.45436,47447.47602,52082.21076,52496.69487,52418.31506,50633.20882,43525.37019,42348.94546,45032.11991
Switzerland,CHE,54952.67372,57579.50195,63555.2375,72487.84593,69927.46877,74605.72102,88415.62806,83538.23008,85112.4644,86605.56338,82016.02131,79866.03187,80189.69686
Channel Islands,CHI,57210.73229,62261.82801,73569.64496,,,,,,,,,,
Chile,CHL,7615.30468,9484.681227,10526.87746,10781.36608,10243.32824,12860.17764,14705.69242,15431.90293,15941.39722,14794.31583,13736.63569,13960.89421,15346.4497
China,CHN,1753.417829,2099.229435,2695.365917,3471.248054,3838.433972,4560.512586,5633.795717,6337.883323,7077.770765,7683.502613,8069.213024,8117.267465,8826.994096
Cote d'Ivoire,CIV,931.754287,951.9478956,1065.896375,1242.431044,1217.749206,1219.749096,1214.703946,1262.480218,1423.682282,1569.928275,1434.326615,1535.068121,1662.442467
Cameroon,CMR,1030.038193,1081.369831,1215.808213,1396.824988,1338.884377,1309.122208,1429.647553,1380.509848,1493.746567,1571.182535,1353.92449,1374.515899,1446.702895
"Congo, Dem. Rep.",COD,218.5235092,255.5913138,286.5075372,327.7676543,298.8069562,334.2317394,387.3235796,424.8591337,458.1253652,487.1982806,497.6297557,444.4103346,457.8473868
"Congo, Rep.",COG,1637.064381,2012.11007,2111.209489,2881.594116,2255.333119,2737.34233,3196.647524,2952.052348,2964.572989,2910.520226,1712.121146,1528.24472,1658.043625
Colombia,COL,3386.0256,3709.078776,4674.21961,5433.72045,5148.422113,6250.655044,7227.73968,7884.984429,8030.58603,7913.383432,6044.525556,5756.861602,6301.589878
Comoros,COM,621.9033702,648.3008717,720.7593013,795.9705019,778.5454199,769.1742883,829.7586885,788.632653,834.3410949,852.9543079,727.6463868,775.0800846,797.2863685
Cabo Verde,CPV,2048.13459,2304.289902,3112.285601,3638.905946,3444.5566,3312.825985,3670.429453,3408.482762,3558.796313,3529.618403,2995.150553,3037.525642,3209.69112
Costa Rica,CRI,4697.011135,5245.187372,6120.6234,6911.136152,6809.396224,8199.414621,9186.59639,9985.36959,10569.66631,10630.9979,11393.02395,11732.71055,11630.6684
Caribbean small states,CSS,7214.815533,8024.01364,8855.473496,9988.74494,8365.033888,9039.288633,9728.001302,9976.727227,10026.67409,10125.40682,9842.968671,9355.868253,9517.932644
Cuba,CUB,3779.05707,4669.060916,5184.494227,5376.447622,5484.7763,5676.141403,6075.924306,6425.941119,6760.15344,7050.50199,7602.261218,,
Curacao,CUW,,,,,,,,,,,,,
Cayman Islands,CYM,,64100.9077,,,,,,,,,,,
Cyprus,CYP,25324.48666,27169.99256,31386.63265,35390.70488,32105.8159,30818.46396,32233.83942,28984.91481,27942.31667,27400.80299,23212.2247,23541.48825,25233.57098
Czech Republic,CZE,13346.17639,15183.63605,18373.649,22698.85396,19741.59763,19808.07109,21717.45794,19729.87051,19916.01939,19744.55861,17715.61685,18483.71648,20368.13856
Germany,DEU,34696.62092,36447.87232,41814.8191,45699.19832,41732.70725,41785.55691,46810.32796,44065.24891,46530.91143,48042.56343,41323.9215,42232.57421,44469.90906
Djibouti,DJI,904.7297489,965.6693779,1047.586896,1214.077118,1253.657431,1325.990724,1430.986898,1536.150685,1477.363042,1595.146365,1761.610158,1872.234623,1927.589706
Dominica,DMA,5244.033732,5513.16071,5939.053585,6446.663832,6866.224899,6912.435714,6986.046687,6745.849758,6933.415183,7195.393297,7313.849428,7906.721742,7609.614349
Denmark,DNK,48799.82037,52026.99311,58487.04501,64322.06664,58163.29359,58041.41122,61753.66007,58507.50021,61191.19263,62548.98502,53012.99658,53578.75657,56307.5083
Dominican Republic,DOM,3910.017774,4067.332917,4647.310359,5011.037937,4952.677503,5453.926861,5765.496453,5973.222937,6094.734904,6348.837769,6534.908555,6793.538125,7052.258839
Algeria,DZA,3100.122378,3464.610079,3935.183343,4905.254866,3868.83123,4463.394675,5432.41332,5565.134521,5471.123389,5466.425778,4160.220067,3916.881571,4123.389937
East Asia & Pacific,EAS,4829.31201,5084.351967,5647.053162,6476.447148,6628.143435,7676.519196,8842.715804,9401.268339,9445.934667,9663.41906,9546.209264,9793.32118,10369.69141
Ecuador,ECU,3021.942547,3350.786541,3590.718086,4274.952065,4255.565701,4657.302361,5223.351763,5702.104313,6074.090829,6396.630483,6150.155955,6018.526868,6198.947323
"Egypt, Arab Rep.",EGY,1168.115231,1375.196316,1640.476068,2011.246154,2291.667062,2602.479549,2747.480327,3181.441708,3213.389158,3327.754247,3547.713012,3479.281246,2412.727082
Euro area,EMU,31966.28186,33783.09235,38700.7128,42220.04376,38480.92232,37605.14595,40610.7258,37604.59712,39111.44486,39823.54086,34362.68895,35038.55124,36869.05443
Eritrea,ERI,276.7508096,297.8280588,317.3294336,326.0825642,430.7544499,482.1490904,582.7755302,,,,,,
Spain,ESP,26510.71745,28482.60948,32709.40104,35579.30993,32334.00548,30736.62785,31835.2888,28563.85904,29211.77375,29623.16445,25789.51955,26616.7578,28156.81584
Estonia,EST,10338.31322,12595.41065,16586.4052,18094.54805,14726.31828,14638.60482,17454.84342,17421.89022,19072.23852,19949.58138,17155.87418,17736.8027,19704.65504
Ethiopia,ETH,161.6266248,193.7949056,243.3026822,325.3825543,379.7566385,341.3099092,354.8463544,468.5067249,502.1535887,571.1622759,645.4650067,712.87795,767.5634778
European Union,EUU,29092.99283,30922.81572,35593.50208,38136.08997,33979.49497,33677.00264,36408.7244,34235.14869,35588.0944,36670.13041,32207.3851,32259.86726,33715.12736
Finland,FIN,38969.17163,41120.67651,48288.5491,53401.31487,47107.15571,46202.41516,50790.72415,47415.55987,49638.07713,49914.61864,42424.22081,43433.03222,45703.32787
Fiji,FJI,3658.630832,3749.939813,4078.82327,4177.657789,3369.408247,3651.966784,4353.121392,4546.738504,4763.068956,5061.397575,4889.461454,5197.50914,5589.388833
France,FRA,34760.18777,36443.62344,41508.43269,45334.11091,41575.41618,40638.334,43790.7354,40874.71596,42592.95152,43008.65257,36613.37522,36870.21913,38476.65864
Faroe Islands,FRO,35847.45356,40719.57503,47024.2297,49773.16687,46521.50171,47397.90292,50789.0486,48421.80307,53612.825,57543.66906,50581.96849,,
"Micronesia, Fed. Sts.",FSM,2355.544465,2397.451838,2441.501551,2516.018683,2693.023278,2861.771348,3000.948119,3150.910602,3047.584425,3057.24559,3018.008675,3143.749107,3187.55716
Gabon,GAB,6826.880545,7141.549167,8352.817101,10094.02746,7603.660223,8754.142234,10716.22443,9774.193026,9679.723562,9692.136739,7448.749355,7078.68326,7220.687235
United Kingdom,GBR,41732.64054,44252.31582,50134.3161,46767.59222,38262.18213,38893.01849,41412.34924,41790.77914,42724.06788,46783.46922,44305.55463,40412.03362,39720.44343
Georgia,GEO,1530.036419,1872.680416,2492.12878,3174.949001,2706.588512,2964.477034,3725.063221,4142.869175,4274.376857,4429.650075,3764.640912,3865.785694,4078.254879
Ghana,GHA,498.1723904,922.9537497,1090.686718,1224.401554,1086.765038,1312.607557,1574.978653,1629.800222,1814.492297,1449.662816,1353.68426,1517.495508,1641.486625
Gibraltar,GIB,,,,,,,,,,,,,
Guinea,GIN,303.424498,442.8374053,578.0349637,679.0384165,615.084216,647.8032029,590.0338558,665.230653,716.2441951,742.4557166,732.5613473,748.3013059,825.3449298
"Gambia, The",GMB,432.1918787,439.3432874,519.0548058,607.955496,549.3178255,562.4837817,514.3781619,504.9739367,483.4809046,434.4701608,458.9705912,472.3064382,483.0224586
Guinea-Bissau,GNB,424.9562044,418.9512693,481.33501,583.894419,544.8612801,546.7216686,688.7718197,604.2683552,621.9406736,610.4684903,591.8061497,648.8989366,723.6586216
Equatorial Guinea,GNQ,10850.63334,12732.02759,15761.83913,22742.38159,16530.20937,17136.44568,21451.88617,21557.6528,20246.99308,19245.65151,11213.47463,9217.889528,9850.013585
Greece,GRC,22551.73574,24801.15781,28827.32636,31997.28201,29710.9703,26917.75898,25916.29353,22242.68193,21874.8195,21760.9798,18070.77678,17881.5267,18613.42387
Grenada,GRD,6754.512393,6766.48686,7324.190456,7947.444327,7395.088125,7365.666659,7410.408438,7583.187002,7956.076548,8569.776998,9333.270231,9841.76405,10376.22703
Greenland,GRL,32489.78191,35458.12312,39780.95144,44367.05565,44918.56488,43988.33249,47186.98147,45936.76595,47262.28276,50408.33455,44912.26609,48159.53471,
Guatemala,GTM,2077.83438,2256.56724,2489.955836,2794.221809,2635.753474,2825.52407,3187.845296,3299.605139,3452.828934,3687.763767,3923.573344,4140.737635,4470.989572
Guam,GUM,26495.87758,26555.6452,27540.83913,29056.497,30025.56035,30700.43401,30862.11,32499.23425,33278.25409,34361.08022,35210.78883,35562.56753,
Guyana,GUY,1098.455216,1945.634349,2327.058324,2576.124957,2764.306295,3044.949129,3438.825411,3799.756292,3944.178173,4030.802321,4119.676487,4531.243527,4725.319063
"Hong Kong SAR, China",HKG,26649.7508,28224.21506,30594.01784,31515.66277,30697.34038,32549.99823,35142.48793,36730.8767,38403.77771,40315.28556,42431.88828,43737.04197,46193.61452
Honduras,HND,1311.741714,1437.628785,1592.572182,1751.595857,1815.489496,1932.85829,2120.589469,2178.388555,2136.771718,2242.707459,2341.27532,2375.096327,2480.125929
Croatia,HRV,10224.30403,11363.41845,13546.71387,15893.86048,14157.15484,13542.90183,14571.49088,13254.76426,13648.98986,13597.03387,11757.89004,12298.57035,13294.51493
Haiti,HTI,465.3103865,505.4706206,615.8202308,674.7564147,668.2976046,662.2795182,740.9358452,766.8437623,810.2656073,830.1138816,814.5463952,734.8025912,765.6839246
Hungary,HUN,11205.97134,11447.81687,13907.50338,15739.73541,13029.88338,13092.23376,14118.12263,12888.30459,13667.70279,14201.44883,12483.86594,12820.0882,14224.84646
IBRD only,IBD,2272.207586,2665.196597,3283.285165,3903.434885,3750.597884,4509.496048,5280.065384,5556.033473,5815.798929,5947.44363,5562.58977,5538.236651,6039.831956
Indonesia,IDN,1260.928834,1586.20504,1855.093915,2160.527605,2254.445592,3113.480635,3634.276805,3687.953996,3620.663981,3491.595887,3334.549075,3570.284615,3846.864323
Isle of Man,IMN,39033.70012,43482.35943,73153.32375,74203.13176,69172.18604,73935.679,76055.5421,79028.04498,82356.82337,89941.64429,81672.0227,,
India,IND,707.008019,792.0259698,1018.166373,991.4846304,1090.317765,1345.770153,1461.671957,1446.98541,1452.195373,1576.004018,1606.038285,1717.473878,1939.612984
Ireland,IRL,50878.63952,54306.9131,61359.64508,61257.89689,52104.03472,48671.88829,52186.49627,49042.33825,51773.11137,55412.9286,61807.67037,64100.42995,69330.69015
"Iran, Islamic Rep.",IRN,3215.653433,3738.689284,4857.368371,5574.410436,5619.117621,6531.92743,7729.343353,7832.902635,6036.192088,5540.984136,4862.299729,5219.109805,5415.209635
Iraq,IRQ,1849.603911,2351.812429,3129.224922,4521.03247,3735.144836,4502.749048,5854.614497,6651.12242,6925.224046,6703.074737,4974.02693,4609.600694,5165.714157
Iceland,ISL,56250.68281,56121.32242,68428.34821,55632.10432,40640.9902,41851.73548,46181.95294,44562.81802,48023.62691,52855.14048,51213.66133,60529.92676,70056.87339
Israel,ISR,20557.12408,21827.82317,24889.16836,29531.57216,27709.11754,30642.94062,33689.83853,32525.95659,36291.23211,37539.95182,35690.96308,37180.84981,40270.25135
Italy,ITA,31959.26295,33410.74744,37698.78665,40640.18386,36976.84553,35849.3732,38334.68385,34814.12512,35370.27526,35396.66572,30180.32151,30668.98143,31952.97592
Jamaica,JAM,4082.240762,4313.160082,4620.517913,4902.512038,4293.322822,4682.521248,5103.356097,5209.506189,5005.592249,4855.800481,4939.837281,4878.575791,5109.552649
Jordan,JOR,2203.083787,2537.30049,2762.806354,3385.609665,3492.130906,3679.190275,3807.324145,3870.753211,3992.867107,4066.940775,4096.099275,4087.937517,4129.751671
Japan,JPN,37217.64873,35433.98896,35275.22843,39339.29757,40855.17564,44507.67639,48167.99727,48603.47665,40454.44746,38109.41211,34567.74568,38972.34064,38428.09732
Kazakhstan,KAZ,3771.278957,5291.57565,6771.414797,8513.564645,7165.223175,9070.488253,11634.0019,12386.7,13890.63177,12807.26069,10510.77189,7714.841844,8837.457302
Kenya,KEN,519.7999346,697.0066385,839.1081117,916.8992515,920.0816252,967.3504549,987.4809095,1153.232231,1229.101115,1335.123262,1355.045788,1462.505115,1507.814864
Kyrgyz Republic,KGZ,476.55213,543.1107024,721.7686908,966.3936272,871.2243893,880.0377751,1123.883168,1177.974735,1282.437162,1279.769783,1121.082835,1120.666513,1219.824048
Cambodia,KHM,474.2238766,539.8791529,631.675789,745.7877873,738.2326684,785.6928841,882.4901462,951.1112311,1013.665952,1093.762067,1163.18977,1269.907238,1384.423187
Kiribati,KIR,1214.556667,1151.555618,1357.632211,1413.30234,1297.285141,1493.16051,1692.613277,1763.815497,1724.361737,1619.342182,1504.715547,1587.058145,1685.166939
St. Kitts and Nevis,KNA,11173.7604,12928.63314,13538.92858,14681.36684,14212.33957,13704.25445,14483.44351,13965.55811,14823.74859,15775.84594,16178.18889,16596.82657,17090.15234
"Korea, Rep.",KOR,18639.52221,20888.38015,23060.70788,20430.63946,18291.9196,22086.95292,24079.78852,24358.78218,25890.01867,27811.36638,27105.07623,27608.24743,29742.83886
Kuwait,KWT,35490.26132,42717.55725,45793.97614,55571.99806,37567.30121,38497.61696,48268.5912,51264.07134,48399.80782,42996.31522,29109.06874,27368.28668,29040.36371
Lao PDR,LAO,475.4164695,590.3013108,709.767087,899.4950787,948.1276421,1141.127115,1381.425606,1588.633147,1838.80602,2017.587781,2159.433152,2338.692157,2457.376266
Lebanon,LBN,5339.441291,5372.065899,6014.271115,7109.466413,8480.945504,8858.283977,8734.189185,8922.896752,8721.254215,8536.682494,8452.443641,8257.294391,8523.74955
Liberia,LBR,168.6480254,178.927099,210.3733292,232.061732,303.0667491,327.4205097,379.6895803,415.0361958,454.1222236,458.4651734,452.0380717,455.3707414,456.0530154
Libya,LBY,8171.361651,9344.987518,11308.56661,14396.04865,10296.97353,12120.56217,5602.549434,13209.14078,10571.85076,6631.529047,4695.273094,5125.675283,7998.028819
St. Lucia,LCA,5810.177297,6856.986885,7636.496032,7577.209593,7384.859301,8007.696484,8270.541758,8218.053212,8481.890521,8796.69108,9306.358868,9364.821525,9574.302496
Liechtenstein,LIE,104994.0183,113983.1678,130267.2433,142973.8309,125945.0096,141165.0829,158283.0763,149295.646,173528.1505,179308.0756,168146.0153,,
Sri Lanka,LKA,1250.004791,1437.071355,1633.008369,2041.290655,2095.531476,2808.545966,3213.874539,3350.611036,3609.142895,3820.678185,3842.16386,3857.396363,4065.224874
Lesotho,LSO,862.9463084,915.7757486,918.5406962,935.3941391,924.1059321,1169.267842,1350.677653,1281.620558,1193.0042,1218.471094,1152.316796,1039.703303,1181.811759
Lithuania,LTU,7863.162009,9240.642548,12297.91535,14961.56818,11837.39103,11984.86857,14357.73523,14341.18163,15693.78673,16545.12267,14289.12057,14912.68654,16680.6781
Luxembourg,LUX,80289.69641,89739.7117,106018.4928,114293.8433,103198.6693,104965.3061,115761.5077,106749.0136,113625.1329,119225.38,101446.7863,100738.6842,104103.0367
Latvia,LVA,7558.742006,9667.9757,14044.01589,16348.53121,12219.37379,11326.21947,13702.68947,13822.80559,15032.28201,15716.36907,13639.69412,14070.42265,15594.28602
"Macao SAR, China",MAC,25058.53593,29979.85447,36402.56051,40667.88423,40881.38064,52374.79445,66813.34974,76496.36619,89524.84436,94004.38983,75484.28658,74017.18471,80892.82133
St. Martin (French part),MAF,,,,,,,,,,,,,
Morocco,MAR,2013.755559,2191.478567,2494.353552,2884.94776,2861.554005,2834.20472,3039.916016,2904.746728,3111.762887,3160.250851,2864.092915,2892.775561,3007.242877
Monaco,MCO,126655.5981,135535.0024,170156.6944,192989.1895,152111.598,144246.3688,162009.8778,,,,,,
Moldova,MDA,831.2052862,950.6482044,1230.434685,1695.972811,1525.526119,1631.535832,1970.571373,2046.536787,2243.979662,2244.763762,1832.499052,1913.240367,2289.877719
Madagascar,MDG,274.8197023,292.1507443,377.8482928,470.733254,415.6893226,412.7309341,454.963464,443.9061001,461.7230722,452.4631926,402.0883118,401.7422654,449.7223819
Maldives,MDV,3648.780055,4811.667468,5559.506832,6583.45125,6615.763778,7100.405899,7395.6878,7473.195629,8291.485295,9056.65344,9575.7707,9871.906911,10535.7947
Middle East & North Africa,MEA,4384.915333,5026.666552,5833.362033,7117.492299,6229.030788,7126.771933,8276.272941,8832.069226,8602.500554,8471.517877,7323.031083,7195.352317,7349.947863
Mexico,MEX,8089.409036,8859.715354,9412.827939,9765.716806,7792.247828,9016.457812,9912.582043,9940.468822,10400.56311,10580.97247,9290.760629,8443.691924,8902.830823
Marshall Islands,MHL,2649.670541,2763.739007,2891.928956,2925.977632,2917.001147,3146.763948,3297.558144,3516.899911,3614.130661,3461.781164,3390.910292,3665.207477,3753.256293
"Macedonia, FYR",MKD,3037.754585,3325.613242,4036.140237,4793.292959,4543.890244,4542.904104,5064.041106,4698.689476,5211.4992,5469.217898,4834.136723,5163.250253,5442.609944
Mali,MLI,487.9402556,521.6425796,595.6368319,689.6784228,697.0153124,708.3707632,835.0889098,777.3476868,803.8935757,848.2279485,749.9501571,779.9448438,824.5162257
Malta,MLT,15835.34667,16671.5672,19375.5696,21928.70067,20675.58259,21087.79469,22840.20213,21926.0604,23816.66697,25851.65933,23759.02834,24770.80657,26945.98388
Myanmar,MMR,247.2427006,296.9007284,410.4500001,643.9513703,741.0777116,987.7365832,1186.423937,1175.561788,1171.464477,1260.422411,1138.992271,1195.515372,1298.881989
Montenegro,MNE,3674.617924,4425.680913,5976.391922,7367.751909,6727.107767,6682.281158,7318.742449,6586.719209,7186.431924,7378.341022,6514.272695,7028.940132,7669.571906
Mongolia,MNG,998.8226671,1334.651896,1634.081431,2139.625631,1717.898761,2650.353648,3769.595269,4368.082248,4385.379355,4181.583313,3946.962075,3694.082552,3735.164302
Northern Mariana Islands,MNP,16644.70382,16048.50214,15761.26225,16350.05485,14279.55599,14681.02308,13628.08166,13980.41625,14508.84595,15513.69612,17020.57793,22572.37882,
Mozambique,MOZ,369.1545359,385.7567141,422.1461573,503.1277109,463.852618,419.2258149,526.5313517,566.0513873,605.9856081,623.2867539,528.3125597,382.069457,415.7177167
Mauritania,MRT,697.7452864,944.1304851,1013.310149,1167.535733,1046.837935,1203.383663,1393.261734,1364.283926,1450.577949,1326.668654,1158.256371,1101.901529,1136.763975
Mauritius,MUS,5116.045424,5695.969327,6574.654338,8030.063005,7318.12641,8000.376432,9197.026972,9291.227619,9637.00265,10153.93822,9260.447303,9681.618567,10547.21683
Malawi,MWI,280.3673842,297.6971211,320.2227274,372.842678,420.7379657,458.8681744,512.1254051,374.5018802,332.9223039,354.7253961,362.6575444,300.3076651,338.4836424
Malaysia,MYS,5593.822995,6222.982955,7269.17114,8513.629541,7326.744435,9071.356987,10405.12062,10779.50751,10882.2891,11183.72943,9648.553455,9508.23775,9944.9043
North America,NAC,43514.08192,45849.04082,47723.72747,48232.31001,46394.38485,48291.07443,50027.57819,51561.45955,52751.79899,54295.34242,55153.21527,56058.64352,58070.06614
Namibia,NAM,3573.146387,3881.209535,4202.510968,4029.065061,4153.497885,5191.583081,5600.971392,5749.404752,5490.041314,5392.712421,4852.092267,4560.70206,5227.18001
New Caledonia,NCL,,,,,,,,,,,,,
Niger,NER,250.0383731,258.0463873,292.55962,354.8185998,341.2894618,348.151511,375.5819866,391.5154879,416.1399424,429.7909988,364.4437228,367.9559859,378.0603077
Nigeria,NGA,807.8938738,1019.743286,1136.829645,1383.893354,1097.661422,2327.32067,2527.942003,2755.297787,2996.964302,3221.678116,2655.157977,2175.673442,1968.557681
Nicaragua,NIC,1175.116225,1240.992617,1344.301871,1518.805386,1464.497754,1526.497938,1682.957924,1792.038045,1847.198049,1975.464707,2073.497938,2143.925893,2221.806445
Netherlands,NLD,41577.16009,44453.97119,51241.31562,56928.82048,51900.34009,50338.25483,53540.60536,49474.70561,51574.48942,52157.40687,44746.33405,45637.88675,48223.15549
Norway,NOR,66775.3944,74114.69715,85170.86217,97007.94189,80067.17664,87770.26684,100711.2248,101668.1707,103059.2482,97199.9191,74498.13764,70890.03557,75504.56626
Nepal,NPL,317.089198,348.6314534,393.8843518,473.8444409,480.7200909,592.1835216,692.1166842,681.7925868,688.6172788,706.2386977,747.1604624,729.1222515,835.0798466
Nauru,NRU,,,2042.865638,3954.315103,4453.589937,4912.599558,7233.946609,10099.422,10036.18321,9872.638314,8052.888385,7821.298918,8343.827999
New Zealand,NZL,27750.72484,26671.32942,32510.0827,31287.77865,28201.23228,33692.01083,38426.55081,39970.25624,42949.32684,44560.64037,38649.3785,40331.9591,42940.57829
OECD members,OED,31077.42704,32529.87103,35299.65715,37081.93203,34442.01514,35847.52709,38328.36108,38022.61036,38236.29767,38776.3479,36394.78586,36862.75773,38148.76967
Oman,OMN,12376.97936,14408.0505,15805.13226,22075.03536,16784.34616,19281.00081,20986.08496,22134.80137,21268.83626,20469.13865,16406.71162,15102.38231,15668.36663
Other small states,OSS,7973.39286,9175.352206,10923.41467,13039.28982,10881.24625,12332.78969,14888.63377,15213.07689,15454.87833,15543.24722,12676.92673,12142.24577,13134.4241
Pakistan,PAK,711.4699463,873.7702727,950.4327931,1039.312088,1006.603999,1040.142268,1226.215314,1261.208967,1272.441061,1316.980966,1428.637628,1442.28584,1547.853414
Panama,PAN,4916.54886,5348.518399,6165.945057,7154.14428,7575.780644,8080.838225,9354.979419,10715.71661,11879.75653,12787.3062,13684.1308,14332.97248,15087.68163
Peru,PER,2754.780029,3171.498056,3611.21047,4208.878011,4166.093387,5022.493191,5771.565878,6387.785281,6583.116248,6492.053208,6053.112415,6031.366091,6571.928645
Philippines,PHL,1194.697116,1391.772292,1672.685411,1919.466208,1825.34154,2129.499247,2352.518156,2581.818548,2760.289146,2842.938353,2878.33837,2950.913903,2988.952703
Palau,PLW,9277.780569,9396.602039,9600.303241,9731.327862,8980.429653,8932.281387,9379.489296,10338.06243,10768.13098,11641.23921,13767.51691,14077.09622,13417.29026
Papua New Guinea,PNG,770.5648783,1283.770364,1440.130304,1719.516327,1672.490908,2004.818112,2474.061846,2865.873252,2800.169029,2973.270549,2605.945969,2461.945636,2555.853162
Poland,POL,8021.003655,9038.730847,11255.4367,14001.44688,11527.59323,12599.53358,13893.50926,13145.53926,13781.06261,14342.40202,12566.48344,12415.04329,13811.66424
Puerto Rico,PRI,21959.3227,22935.94116,23664.88235,24898.33884,25768.73605,26435.74019,27278.87489,27944.73389,28513.16574,28981.45733,29697.16199,30833.37247,
"Korea, Dem. People’s Rep.",PRK,,,,,,,,,,,,,
Portugal,PRT,18784.9485,19821.44463,22780.05845,24815.60884,23063.97161,22538.65408,23196.18375,20577.40264,21618.73534,22077.53613,19252.63495,19871.71897,21136.29721
Paraguay,PRY,1507.145691,1809.710539,2312.192926,3059.992184,2599.596259,3225.591754,3988.011894,3855.537735,4479.905858,4712.822736,4109.367724,4077.742071,4365.526162
West Bank and Gaza,PSE,1455.187875,1441.4617,1575.5634,1855.45702,1963.201519,2338.719877,2664.951385,2787.169738,2992.200995,2960.778004,2865.805109,2949.688085,3094.725747
Pacific island small states,PSS,2540.139521,2638.502483,2858.258469,3040.96348,2643.082399,2896.750044,3401.063387,3586.754281,3670.618533,3776.84456,3640.271337,3778.829324,4004.383909
French Polynesia,PYF,,,,,,,,,,,,,
Qatar,QAT,51488.49529,60256.55926,67005.61258,82967.37228,61478.23813,70306.22784,85948.07046,88564.82298,88304.87958,86852.71019,66346.52267,59324.33877,63505.80525
Romania,ROU,4676.315183,5828.745662,8424.737535,10400.54366,8474.872003,8231.312771,9150.86862,8558.397606,9585.266593,10020.27733,8978.389254,9532.167174,10813.7166
Russian Federation,RUS,5323.473877,6920.194398,9101.253085,11635.26037,8562.809598,10674.98771,14351.21205,15434.57478,16007.08999,14125.90873,9346.61636,8759.036118,10743.09659
Rwanda,RWA,287.0762412,342.3990982,404.8507881,500.6189986,539.1084948,563.4013453,624.1228849,679.8607504,688.8223493,706.5967098,711.7739773,711.1957913,748.39326
South Asia,SAS,680.015533,765.3120006,953.7906871,956.6285107,1036.031735,1252.229347,1373.80909,1370.565518,1386.947343,1499.548523,1545.277313,1643.531832,1840.616372
Saudi Arabia,SAU,13739.82945,15334.66994,16472.16605,20037.83234,16094.2931,19259.58726,23770.74739,25303.09462,24934.38614,24575.40304,20732.86172,19982.08563,20760.90601
Sudan,SDN,679.7539949,893.8793645,1115.6952,1291.528826,1226.884381,1476.478087,1666.857757,1892.894352,1955.660799,2176.898029,2513.884661,2415.038162,2898.549346
Senegal,SEN,773.8698713,809.8038296,950.3978522,1101.202117,1021.037864,1002.52994,1081.939254,1038.077646,1051.750745,1052.127482,910.7747772,952.7715367,1033.069906
Singapore,SGP,29869.85398,33579.85948,39223.58187,39721.04818,38577.55822,46569.67951,53237.56491,54715.69483,56389.18178,56957.07857,54940.85814,55243.13288,57714.29663
Solomon Islands,SLB,880.8748508,948.6592511,1046.931125,1205.791067,1158.282672,1290.572368,1728.505151,1928.956761,2004.899979,2036.942047,1965.422032,2056.489935,2132.115058
Sierra Leone,SLE,291.6903175,322.313468,358.8274716,406.3759178,388.8746021,399.1543676,445.052005,561.8984239,710.8186998,708.4394757,582.9362031,480.7930211,499.4262954
El Salvador,SLV,2437.899565,2641.780652,2796.387081,2943.698878,2867.98508,2992.545274,3275.508626,3437.599638,3515.947201,3595.790733,3669.878992,3768.837705,3889.308769
San Marino,SMR,66987.40092,70662.039,83009.16459,90682.58101,76918.15358,68758.36862,65213.61899,56403.99483,57746.16607,56513.51608,47610.98508,47908.56141,49664.02557
Somalia,SOM,,,,,,,,,493.9690949,486.0787992,476.7957376,471.6199878,499.8168017
Serbia,SRB,3528.131008,4129.758741,5458.121718,6701.773913,5821.305397,5411.877404,6423.291783,5659.380204,6353.826383,6200.173221,5237.255334,5426.198279,5900.038108
South Sudan,SSD,,,,,,,1653.131588,1041.459694,1336.645256,1309.487381,917.9214739,237.4441185,
Sub-Saharan Africa,SSF,892.5950135,1017.336222,1151.654104,1282.68264,1198.140952,1554.501473,1705.618763,1740.301249,1787.244485,1822.080401,1600.696884,1463.853917,1553.766532
Small states,SST,7460.242774,8513.857676,9982.369324,11787.04717,9860.503568,11095.11531,13173.54447,13492.41469,13704.98253,13812.8515,11605.69601,11129.10653,11933.39556
Sao Tome and Principe,STP,804.1279874,836.7952842,886.6695898,1126.462102,1099.571046,1129.754961,1304.326189,1380.949959,1619.532678,1824.378911,1613.480207,1771.987941,1912.970722
Suriname,SUR,3595.088055,5207.90002,5761.39536,6858.163158,7443.850178,8303.31332,8318.97692,9272.413453,9484.568098,9564.406383,8724.723897,5871.442003,5900.556486
Slovak Republic,SVK,11669.41975,13139.03218,16057.73314,18650.35912,16512.98197,16600.61359,18187.15744,17274.6423,18191.61279,18629.77966,16132.86031,16529.54097,17604.95098
Slovenia,SVN,18169.18091,19726.1265,23841.31792,27501.81027,24633.79785,23437.47202,24985.24827,22532.43564,23357.9392,24202.43084,20873.16111,21650.21276,23597.29173
Sweden,SWE,43085.35315,46256.4716,53324.37937,55746.84238,46207.0592,52076.25591,59593.28711,57134.07707,60283.24522,59180.19898,50812.19086,51844.76126,53442.00828
Eswatini,SWZ,2873.862091,2937.360743,3047.488037,2842.43853,3032.517049,3690.239228,3934.273373,3864.760436,3587.000316,3379.896499,3047.946756,2770.199475,3224.393024
Seychelles,SYC,11092.51074,12014.39987,12154.82994,11122.86207,9706.95606,10804.68447,12189.09516,11998.44721,14764.93929,14700.21898,14725.10174,15060.99099,15504.46446
Syrian Arab Republic,SYR,1577.457182,1762.246107,2058.035209,,,,,,,,,,
Chad,TCD,660.2421396,712.1847694,801.683884,929.7702391,804.4559039,896.5697341,989.2363633,973.4702574,986.0103177,1025.998515,784.1723072,651.2372438,669.8864259
East Asia & Pacific (IDA & IBRD countries),TEA,1656.848502,1980.236983,2485.910177,3124.284115,3364.528026,4051.865803,4917.926838,5446.80815,5968.186531,6370.646659,6579.584543,6648.953715,7202.903355
Togo,TGO,372.1721837,377.336029,420.7604743,513.391914,499.6468713,487.9238913,562.3393592,563.6895442,579.434805,620.1318489,551.1506732,576.9594785,617.1766097
Thailand,THA,2893.651356,3368.952576,3972.206475,4378.687406,4212.054902,5075.302176,5491.159981,5859.887644,6168.394881,5953.793928,5846.394608,5979.293546,6593.819806
Tajikistan,TJK,337.359236,404.2872665,520.035956,706.0914128,666.3458569,738.3475227,834.5412953,954.7205253,1040.214412,1104.459019,918.6771543,795.8438644,800.9669641
Turkmenistan,TKM,1704.51475,2136.66815,2600.371428,3904.467675,4036.459223,4439.203,5649.978486,6675.262954,7304.420525,7962.365824,6432.668768,6389.334143,7355.831345
Timor-Leste,TLS,1766.939232,2534.61727,2705.257281,4073.177575,2929.934788,3603.757284,5021.498321,5767.011285,4770.327214,3335.530286,2501.598354,1987.124857,2279.253204
Tonga,TON,2594.74999,2892.522663,2932.315883,3392.887992,3070.987247,3548.068399,4044.979721,4500.750362,4278.884567,4196.470593,4093.849585,3748.641794,3944.246001
Trinidad and Tobago,TTO,12323.12705,14095.96337,16530.18044,21188.11857,14508.8796,16683.94578,19053.97067,19098.94535,19713.37929,20081.20858,17941.80059,16352.10973,16145.18457
Tunisia,TUN,3194.562243,3371.71231,3778.184171,4310.093026,4129.977335,4140.15177,4256.91279,4137.54814,4199.084678,4270.307423,3828.100633,3688.646375,3490.828293
Turkey,TUR,7384.258482,8034.606676,9709.720022,10850.87039,9036.266711,10672.40016,11340.82362,11720.31386,12542.72153,12127.46072,10984.8052,10862.72538,10540.618
Tuvalu,TUV,2178.02921,2259.333279,2638.911845,2929.42164,2595.639908,3021.889528,3642.437689,3512.516068,3466.967564,3418.645719,3232.07334,3295.720635,3549.974741
Tanzania,TZA,442.2528543,471.5273761,528.063562,651.2624387,658.7579527,701.6045501,733.4128065,820.1562898,901.7314303,950.3743138,872.2954949,877.507612,936.330768
Uganda,UGA,315.7880227,336.4593923,401.8508631,449.6928183,554.404991,595.2061732,574.9195814,636.6381935,655.0495347,702.7951171,675.1211418,580.383534,604.0427482
Ukraine,UKR,1828.717626,2303.018831,3068.608998,3891.037823,2545.480341,2965.142365,3569.757027,3855.42128,4029.715504,3104.658296,2124.662666,2185.728031,2639.824326
Upper middle income,UMC,3094.065289,3653.292225,4512.485238,5473.087334,5236.661006,6294.677976,7468.057782,7949.703367,8398.808856,8619.403391,7965.028104,7864.504365,8605.07597
Uruguay,URY,5220.951116,5877.876078,7009.69705,9062.312171,9415.170382,11938.212,14166.49909,15092.06819,16881.20568,16737.89827,15524.84247,15298.35089,16245.59837
United States,USA,44307.92058,46437.06712,48061.53766,48401.42734,47001.55535,48375.40695,49793.71352,51450.95911,52782.08651,54696.72617,56443.81724,57588.53807,59531.66196
Uzbekistan,UZB,546.7768502,654.2838373,830.4076942,1082.286025,1213.265328,1377.08214,1564.966945,1740.468298,1907.551233,2050.448414,2137.576852,2105.870905,1504.226546
St. Vincent and the Grenadines,VCT,5064.451065,5609.648939,5977.544851,6370.437886,6177.610514,6231.770232,6183.676822,6338.117781,6597.211381,6631.355882,6913.038844,6982.256556,7185.179119
"Venezuela, RB",VEN,5432.688675,6735.797588,8318.803399,11227.23138,11536.14939,13545.26345,10741.57638,12755.00008,12237.19374,15692.41288,,,
Virgin Islands (U.S.),VIR,40929.79512,41560.9342,44333.06566,39207.00375,38771.27439,40043.19017,39144.16577,37849.72872,34837.65873,33591.63546,34954.97168,,
Vietnam,VNM,683.5968039,779.9748933,901.3248932,1143.268575,1210.69111,1310.370273,1515.479925,1722.683931,1871.325491,2012.04629,2065.169099,2170.648054,2343.124575
Vanuatu,VUT,1886.433359,2047.097823,2393.367265,2697.961375,2643.441423,2965.802434,3275.091684,3158.58688,3167.343056,3148.365103,2788.770919,2913.967232,3123.614592
World,WLD,7271.416494,7777.192958,8653.498542,9374.915072,8779.886823,9513.617798,10448.68227,10559.19627,10723.60666,10882.67516,10172.22282,10200.8606,10714.46595
Samoa,WSM,2571.286691,2807.954274,3022.561555,3509.761499,3035.068269,3453.434298,3942.051645,4234.640751,4219.024862,4179.049934,4149.411429,4030.013144,4360.75395
Kosovo,XKX,2190.552079,2371.662079,2788.479464,3254.860674,3209.694109,3283.211938,3733.491539,3600.815825,3877.758936,4054.721339,3574.17403,3697.548026,3893.969824
"Yemen, Rep.",YEM,813.9643857,901.7599875,995.6284828,1203.720733,1093.812918,1309.231935,1349.420222,1421.170984,1580.181689,1647.033586,1285.563019,660.280885,
South Africa,ZAF,5277.925459,5506.196503,5994.195403,5695.05786,5831.115574,7275.382112,7976.466077,7478.227665,6822.52476,6433.944544,5746.681127,5280.017633,6160.734569
Zambia,ZMB,691.3178164,1030.154199,1104.587985,1369.068249,1139.110233,1463.213573,1644.619672,1734.930612,1850.793359,1738.088202,1313.889646,1262.989682,1509.797013
Zimbabwe,ZWE,444.7605075,414.796232,396.9982166,325.6785703,624.2722419,719.9795163,840.9498765,968.1638747,1026.388292,1031.104614,1033.415841,1029.076649,1079.608291
